{"traceEvents":[{"pid":28689,"cat":"xplat","args":{},"name":"XplatTracingInitializer tracing initialized","ts":134420209146,"ph":"I","s":"p"},{"pid":28689,"cat":"xplat","args":{},"ph":"X","ts":134420293361,"tid":28722,"name":"MailMigrationApplication ExchangeSupportChecker","dur":49269},{"pid":28689,"cat":"xplat","args":{},"ph":"X","ts":134420408090,"tid":28689,"name":"MailActivityGmail onCreate","dur":484176},{"pid":28689,"cat":"xplat","args":{},"ph":"X","ts":134420431179,"tid":28689,"name":"MailActivity onCreate","dur":461050},{"pid":28689,"cat":"xplat","args":{},"ph":"X","ts":134420431237,"tid":28689,"name":"MailActivity super.onCreate","dur":69737},{"pid":28689,"cat":"xplat","args":{},"ph":"X","ts":134420655935,"tid":28689,"name":"MailActivity setContentView","dur":181064},{"pid":28689,"cat":"xplat","args":{},"ph":"X","ts":134420792366,"tid":28689,"name":"GmailDrawerFragment onCreateView","dur":44222},{"pid":28689,"cat":"xplat","args":{},"ph":"X","ts":134420802736,"tid":28689,"name":"GmailDrawerFragment addListHeader","dur":22242},{"pid":28689,"cat":"xplat","args":{},"ph":"X","ts":134420825423,"tid":28689,"name":"AbstractPlayServicesHelper createFirstPartyPeopleApiClient","dur":11113},{"pid":28689,"cat":"xplat","args":{},"ph":"X","ts":134420846400,"tid":28689,"name":"OnePaneController onCreate","dur":38684},{"pid":28689,"cat":"xplat","args":{},"ph":"X","ts":134420860109,"tid":28689,"name":"AbstractPlayServicesHelper createFirstPartyPeopleApiClient","dur":254},{"pid":28689,"cat":"xplat","args":{},"ph":"X","ts":134420894888,"tid":28689,"name":"GmailDrawerFragment onActivityCreated","dur":2540},{"pid":28689,"cat":"xplat","args":{},"ph":"X","ts":134420908078,"tid":28732,"name":"EmailProvider setServicesEnabledSync","dur":72598},{"pid":28689,"cat":"xplat","args":{},"ph":"X","ts":134420980720,"tid":28736,"name":"ObjectCursorLoader doInBackground (Did Not Finish)","dur":114},{"pid":28689,"cat":"xplat","args":{},"ph":"X","ts":134420980835,"tid":28736,"name":"ObjectCursorLoader loadInBackground (Did Not Finish)","dur":0},{"pid":28689,"cat":"xplat","args":{"newMetricName":"Inbox first results load cancelled","accountType":"UNKNOWN_ACCOUNT_TYPE","cancellationReason":"STARTUP_MAIL_ACTIVITY_INTERRUPTED","dataLayer":"UNKNOWN_DATA_LAYER","webviewVersion":"47.0.2526.100;252610050;com.google.android.webview"},"ph":"b","id":1,"ts":134419846556,"tid":28717,"name":"Inbox first results loaded (Cached)"},{"pid":28689,"cat":"xplat","args":{"newMetricName":"Inbox first results load cancelled","accountType":"UNKNOWN_ACCOUNT_TYPE","cancellationReason":"STARTUP_MAIL_ACTIVITY_INTERRUPTED","dataLayer":"UNKNOWN_DATA_LAYER","webviewVersion":"47.0.2526.100;252610050;com.google.android.webview"},"ph":"e","id":1,"name":"Inbox first results loaded (Cached)","tid":28717,"ts":134420980431},{"pid":28689,"cat":"xplat","args":{},"ph":"b","id":2,"ts":134419852435,"tid":28717,"name":"Inbox first avatars loaded (Did Not Finish)"},{"pid":28689,"cat":"xplat","args":{},"ph":"e","id":2,"name":"Inbox first avatars loaded (Did Not Finish)","tid":28717,"ts":134420980835},{"pid":28689,"cat":"xplat","args":{"cancelled":true,"accountType":"UNKNOWN_ACCOUNT_TYPE","dataLayer":"UNKNOWN_DATA_LAYER","webviewVersion":"47.0.2526.100;252610050;com.google.android.webview"},"ph":"b","id":5,"ts":134420407993,"tid":28689,"name":"MailActivity ready"},{"pid":28689,"cat":"xplat","args":{"cancelled":true,"accountType":"UNKNOWN_ACCOUNT_TYPE","dataLayer":"UNKNOWN_DATA_LAYER","webviewVersion":"47.0.2526.100;252610050;com.google.android.webview"},"ph":"e","id":5,"name":"MailActivity ready","tid":28689,"ts":134420892998}],"otherData":{"traceKey":"Inbox first avatars loaded","randomId":5989093032728695663,"startTime":1.642183063761E12,"baseTimestamp":0.0,"inverseSamplingProbability":1,"level":"NONE","totalEventsDropped":0,"totalEventsPruned":0,"eventIntegrity":"2","abortReason":"2"}}